Organ	Modality	Index	Sublibrary	IndexSequence
StomachEsophagus	ATAC	I2	CL66	GTTATCGT
StomachEsophagus	ATAC	I2	CL67	CCCGCAGG
StomachEsophagus	ATAC	I2	CL68	AACAATCA
StomachEsophagus	ATAC	I2	CL69	TCCGTGCC
StomachEsophagus	ATAC	I2	CL70	GAATGATC
StomachEsophagus	ATAC	I2	CL71	ATGACCAT
StomachEsophagus	ATAC	I2	CL72	TTGGTACG
StomachEsophagus	ATAC	I2	CL66	GTTATCGT
StomachEsophagus	RNA	I2	CL66	TTAGGCAA
StomachEsophagus	RNA	I2	CL65	CACGTCTC
StomachEsophagus	RNA	I2	CL67	CAAGTTAA
StomachEsophagus	RNA	I2	CL68	TGTTAAAG
StomachEsophagus	ATAC	I2	CL65	CTTAATGC
StomachEsophagus	RNA	I2	CL69	GGTCTACG
StomachEsophagus	RNA	I2	CL70	CGCAAATA
StomachEsophagus	RNA	I2	CL71	TCCTGGAT
StomachEsophagus	RNA	I2	CL72	CAGGAACA
Heart	ATAC	I2	CL73	CTGCGCGT
Heart	ATAC	I2	CL74	TCGCCAGA
Heart	ATAC	I2	CL75	TGTAGATT
Heart	ATAC	I2	CL76	GGTCAGTA
Heart	ATAC	I2	CL77	CCCTATCG
Heart	ATAC	I2	CL78	TTCTAAGT
Heart	ATAC	I2	CL79	AGATCTCT
Heart	ATAC	I2	CL80	CCTTCACC
Heart	RNA	I2	CL73	TGTATTAC
Heart	RNA	I2	CL74	TAGACGCC
Heart	ATAC	I2	CL73	CTGCGCGT
Heart	ATAC	I2	CL74	TCGCCAGA
Heart	ATAC	I2	CL75	TGTAGATT
Heart	ATAC	I2	CL76	GGTCAGTA
Heart	ATAC	I2	CL77	CCCTATCG
Heart	ATAC	I2	CL78	TTCTAAGT
Heart	ATAC	I2	CL79	AGATCTCT
Heart	ATAC	I2	CL80	CCTTCACC
Heart	RNA	I2	CL75	AGCAGCGC
Heart	RNA	I2	CL76	AATGGCAC
Heart	RNA	I2	CL77	CATACCTA
Heart	RNA	I2	CL78	TAGGTGTT
Heart	RNA	I2	CL79	GTTCGGAG
Heart	RNA	I2	CL80	TGCCGTTG
Lung_b12	ATAC	I2	CL81	CATTCGAT
Lung_b12	ATAC	I2	CL82	GCTCTTGA
Lung_b12	ATAC	I2	CL83	ACGTGGGC
Lung_b12	ATAC	I2	CL84	ACCGCCCA
Lung_b12	ATAC	I2	CL85	TCCAAGGG
Lung_b12	ATAC	I2	CL86	ACGGTAAT
Lung_b12	ATAC	I2	CL81	CATTCGAT
Lung_b12	ATAC	I2	CL82	GCTCTTGA
Lung_b12	ATAC	I2	CL83	ACGTGGGC
Lung_b12	ATAC	I2	CL84	ACCGCCCA
Lung_b12	ATAC	I2	CL85	TCCAAGGG
Lung_b12	ATAC	I2	CL86	ACGGTAAT
Lung_b12	ATAC	I2	CL87	CTCGGACT
Lung_b12	ATAC	I2	CL88	CAACAAGT
Lung_b12	RNA	I2	CL81	CTACATTG
Lung_b12	RNA	I2	CL82	GGGTAGCC
Lung_b12	RNA	I2	CL83	CGGACTTT
Lung_b12	RNA	I2	CL84	CCGCGGAA
Lung_b12	RNA	I2	CL85	AAGTGCCT
Lung_b12	RNA	I2	CL86	CACTGAAG
Lung_b12	RNA	I2	CL87	CTACCGGC
Lung_b12	RNA	I2	CL88	GGATTGAA
Lung_b12	ATAC	I2	CL87	CTCGGACT
Eye	ATAC	I2	CL89	GCGATCTA
Eye	ATAC	I2	CL90	ATAGAGAG
Eye	ATAC	I2	CL91	AGAGGATA
Eye	ATAC	I2	CL92	TCTACTCT
Eye	ATAC	I2	CL93	CTCCTTAC
Eye	ATAC	I2	CL94	TATGCAGT
Eye	RNA	I2	CL94	ACGAATGT
Eye	ATAC	I2	CL94	TATGCAGT
Eye	ATAC	I2	CL95	TACTCCTT
Eye	ATAC	I2	CL96	AGGCTTAG
Eye	RNA	I2	CL89	TGCACGAA
Eye	RNA	I2	CL90	GGCAACCT
Eye	RNA	I2	CL91	ACATAAGG
Eye	RNA	I2	CL92	CGTTGCTG
Eye	RNA	I2	CL93	ATTGAACC
Eye	RNA	I2	CL95	TGGGAATC
Eye	RNA	I2	CL96	GCAGTCCG
Eye	RNA	I2	CL94	ACGAATGT
Liver	ATAC	I2	CL105	CTTAATGC
Liver	ATAC	I2	CL106	GTTATCGT
Liver	ATAC	I2	CL108	AACAATCA
Liver	ATAC	I2	CL109	TCCGTGCC
Liver	ATAC	I2	CL110	GAATGATC
Liver	ATAC	I2	CL111	ATGACCAT
Liver	ATAC	I2	CL112	TTGGTACG
Liver	ATAC	I2	CL107	CCCGCAGG
Liver	RNA	I2	CL107	CCATGTGA
Liver	ATAC	I2	CL113	TAAACTGG
Liver	ATAC	I2	CL114	GGGCCGGT
Liver	RNA	I2	CL105	ACTTCTAG
Liver	RNA	I2	CL106	ATCTGGCG
Liver	RNA	I2	CL108	TCGAGTTC
Liver	RNA	I2	CL109	AACGGTGG
Liver	RNA	I2	CL110	GTAACTTA
Liver	RNA	I2	CL111	CACGTCTC
Liver	RNA	I2	CL112	TTAGGCAA
Liver	RNA	I2	CL113	CAAGTTAA
Liver	RNA	I2	CL114	TGTTAAAG
Liver	ATAC	I2	CL107	CCCGCAGG
Liver	RNA	I2	CL107	CCATGTGA
AdrenalThyroidSpleen	ATAC	I2	CL131	AAGTGCCT
AdrenalThyroidSpleen	RNA	I2	CL132	GGATTGAA
AdrenalThyroidSpleen	ATAC	I2	CL131	AAGTGCCT
AdrenalThyroidSpleen	ATAC	I2	CL132	CACTGAAG
AdrenalThyroidSpleen	RNA	I2	CL131	CTACCGGC
AdrenalThyroidSpleen	RNA	I2	CL132	GGATTGAA
SpleenThymus	ATAC	I2	CL116	CGCAAATA
SpleenThymus	RNA	I2	CL116	ACGGTAAT
SpleenThymus	ATAC	I2	CL128	GCTCTTGA
SpleenThymus	ATAC	I2	CL129	ACGTGGGC
SpleenThymus	ATAC	I2	CL130	ACCGCCCA
SpleenThymus	RNA	I2	CL115	TCCAAGGG
SpleenThymus	RNA	I2	CL117	CTCGGACT
SpleenThymus	RNA	I2	CL118	CAACAAGT
SpleenThymus	RNA	I2	CL119	TGTATTAC
SpleenThymus	RNA	I2	CL120	TAGACGCC
SpleenThymus	RNA	I2	CL121	AGCAGCGC
SpleenThymus	RNA	I2	CL122	AATGGCAC
SpleenThymus	RNA	I2	CL123	CATACCTA
SpleenThymus	RNA	I2	CL124	TAGGTGTT
SpleenThymus	RNA	I2	CL125	GTTCGGAG
SpleenThymus	RNA	I2	CL126	TGCCGTTG
SpleenThymus	RNA	I2	CL127	CTACATTG
SpleenThymus	RNA	I2	CL128	GGGTAGCC
SpleenThymus	RNA	I2	CL129	CGGACTTT
SpleenThymus	RNA	I2	CL130	CCGCGGAA
SpleenThymus	ATAC	I2	CL115	GGTCTACG
SpleenThymus	ATAC	I2	CL117	TCCTGGAT
SpleenThymus	ATAC	I2	CL118	CAGGAACA
SpleenThymus	ATAC	I2	CL119	CTGCGCGT
SpleenThymus	ATAC	I2	CL120	TCGCCAGA
SpleenThymus	ATAC	I2	CL121	TGTAGATT
SpleenThymus	ATAC	I2	CL122	GGTCAGTA
SpleenThymus	ATAC	I2	CL123	CCCTATCG
SpleenThymus	ATAC	I2	CL124	TTCTAAGT
SpleenThymus	ATAC	I2	CL125	AGATCTCT
SpleenThymus	ATAC	I2	CL126	CCTTCACC
SpleenThymus	ATAC	I2	CL127	CATTCGAT
SpleenThymus	ATAC	I2	CL116	CGCAAATA
SpleenThymus	RNA	I2	CL116	ACGGTAAT
Lung_b18	ATAC	I2	CL133	GCGATCTA
Lung_b18	ATAC	I2	CL134	ATAGAGAG
Lung_b18	RNA	I2	CL133	GATTTCCA
Lung_b18	RNA	I2	CL134	ATCATGTT
Lung_b18	ATAC	I2	CL135	AGAGGATA
Lung_b18	ATAC	I2	CL136	TCTACTCT
Lung_b18	ATAC	I2	CL137	CTCCTTAC
Lung_b18	ATAC	I2	CL138	TATGCAGT
Lung_b18	ATAC	I2	CL139	TACTCCTT
Lung_b18	ATAC	I2	CL140	AGGCTTAG
Lung_b18	RNA	I2	CL135	TTTCATCA
Lung_b18	RNA	I2	CL136	AGTCCGAC
Lung_b18	RNA	I2	CL137	GCTAGAAA
Lung_b18	RNA	I2	CL138	CTTGGTTA
Lung_b18	RNA	I2	CL139	CGATACAC
Lung_b18	RNA	I2	CL140	TTGATGGA
Skin	ATAC	I2	CL141	TGCACGAA
Skin	ATAC	I2	CL142	GGCAACCT
Skin	RNA	I2	CL141	CTTAATGC
Skin	RNA	I2	CL142	GTTATCGT
Skin	ATAC	I2	CL143	ACATAAGG
Skin	ATAC	I2	CL144	CGTTGCTG
Skin	ATAC	I2	CL145	ATTGAACC
Skin	ATAC	I2	CL146	ACGAATGT
Skin	ATAC	I2	CL147	TGGGAATC
Skin	ATAC	I2	CL148	GCAGTCCG
Skin	RNA	I2	CL143	CCCGCAGG
Skin	RNA	I2	CL144	AACAATCA
Skin	RNA	I2	CL145	TCCGTGCC
Skin	RNA	I2	CL146	GAATGATC
Skin	RNA	I2	CL147	ATGACCAT
Skin	RNA	I2	CL148	TTGGTACG
Thyroid	ATAC	I2	CL165	GATTTCCA
Thyroid	ATAC	I2	CL166	ATCATGTT
Thyroid	RNA	I2	CL165	CACGTCTC
Thyroid	RNA	I2	CL166	TTAGGCAA
Brain	ATAC	I2	CL26	ACCGGCCC
Brain	ATAC	I2	CL31	CCACCGTT
Brain	RNA	I2	CL26	TCTGGCGA
Brain	RNA	I2	CL31	AGAGATCT
Brain	ATAC	I2	CL25	TAAACTGG
Brain	ATAC	I2	CL27	ACTTCTAG
Brain	ATAC	I2	CL28	ATCTGGCG
Brain	ATAC	I2	CL29	CCATGTGA
Brain	ATAC	I2	CL30	TCGAGTTC
Brain	ATAC	I2	CL32	GTAACTTA
Brain	RNA	I2	CL25	CTGCGCGT
Brain	RNA	I2	CL27	TGTAGATT
Brain	RNA	I2	CL28	GGTCAGTA
Brain	RNA	I2	CL29	CCCTATCG
Brain	RNA	I2	CL30	TTCTAAGT
Brain	RNA	I2	CL32	CCTTCACC
Muscle	ATAC	I2	CL57	GAACGGCT
Muscle	ATAC	I2	CL58	GACCCAAT
Muscle	ATAC	I2	CL59	AGTATGCA
Muscle	ATAC	I2	CL60	CCAAGCCC
Muscle	ATAC	I2	CL61	GCCACGTC
Muscle	ATAC	I2	CL62	AAATTTGC
Muscle	ATAC	I2	CL63	GAGGCTGC
Muscle	ATAC	I2	CL64	AACTCGGA
Muscle	ATAC	I2	CL62	AAATTTGC
Muscle	RNA	I2	CL62	TCGAGTTC
Muscle	RNA	I2	CL58	GGGCCGGT
Muscle	RNA	I2	CL59	ACTTCTAG
Muscle	RNA	I2	CL60	ATCTGGCG
Muscle	RNA	I2	CL61	CCATGTGA
Muscle	RNA	I2	CL62	TCGAGTTC
Muscle	RNA	I2	CL63	AACGGTGG
Muscle	RNA	I2	CL64	GTAACTTA
Muscle	RNA	I2	CL57	TAAACTGG
